size,cpu_time_ms,gpu_time_ms
1000,0.0232,2.14013
10000,0.0778,0.043104
100000,0.9733,0.128128
1000000,7.8399,0.218528
10000000,80.255,0.843072
